Plaza del Adelantado;Bajamar;Punta del Hidalgo;Ten-Bel;El Camisón;Los Cristianos;Martiánez;Playa de Mesa del Mar;Playa Jardín;San Marcos;Torviscas y Fañabé;Troya;Acantilados de los Gigantes;Auditorio de Tenerife;Basílica Nuestra Señora de la Candelaria;Parque del Drago;Parque Nacional del Teide;Barranco del Infierno;Rambla de Castro;Buenavista Golf;Centro de Golf Los Palos;Golf Costa Adeje;Golf del Sur;Golf Las Américas;Real Club de Golf de Tenerife;Tecina Golf;Abama Spa;Aequor spa;Aqua Club Termal;Centro de medicina Natural Océano;Caroli Health Club;Bahía del Duque Spa;Centro Wellness del Hotel Jardín Tropical;Spa Blue Sea Puerto Resort;Mare Nostrum Spa;Natural Wellness Spa;Riu Palace Body Love;Spa Atlantis;Bp San Felipe;Club Spa La Quinta Park;Spa Magek;Spa Royal Garden Villas;Spa Hotel Europe Villa Cortés;Spa Villalba;Thai Zen Space;Thalasso H10 Conquistador;Spa Nammu;The Oriental Spa Garden;Vitanova Spa Wellness;Centro Histórico de Santa Cruz de Tenerife;Centro Histórico de Garachico;Oficina de información turística Cabildo Aeropuerto Tenerife Sur;Oficina de información turística de Fañabé;Oficina de información turística de Icod de Los Vinos;Oficina de información turística del Médano;Oficina de información turística de Arona - Playa de las Américas;Oficina de información turística de Arona - Playa de las Vistas;Oficina de información turística de Plaza del Duque;Oficina de información turística Cabildo de Puerto de la Cruz;Oficina de información turística Cabildo Aeropuerto de Los Rodeos;Oficina de información turística de San Cristóbal de La Laguna;Oficina de información turística Cabildo Santa Cruz de Tenerife;Oficina de información turística de Costa Adeje - Troya;Centro Histórico de Adeje;Centro Histórico de Arona;Centro Histórico de Granadilla de Abona;Centro Histórico de Puerto de la Cruz;Centro Histórico de La Laguna;Centro Histórico de La Orotava;Caserío de Masca;Casa del Vino;Chinyero;Malpaís de Güímar;Montaña Roja y Montaña Pelada;Paisaje Lunar de Granadilla;Parque Natural de la Corona Forestal;Parque Rural de Anaga;Parque Rural de Teno;Aqualand Costa Adeje;Loro Parque;Parque Las Águilas-Jungle Park;Parque Marítimo César Manrique;Parque Etnográfico Pirámides de Güímar;PuebloChico;Siam Park;Abama;Amarilla Golf;Barakuda Diving Center;Blue Bottom Diving;Centro de Buceo Atlantik;Diversity-Escuela de Buceo;Centro de Buceo Ecosub Tenerife;Centro de Buceo el Cardumen;Marina de Santa Cruz;Marina de San Miguel;Charco de la Laja;Complejo Costa Martiánez;El Caletón;El Bollullo;El Duque;El Médano;El Socorro;La Arena;La Pinta;La Tejita;Las Teresitas;Las Vistas
Plaza del Adelantado;0;19;24;53;52;51;21;32;25;42;51;49;80;10;21;40;66;74;24;62;47;57;44;47;10;219;70;50;48;24;53;54;48;21;51;50;53;45;22;18;46;53;52;69;50;51;52;20;52;15;44;41;51;40;42;51;49;51;26;8;4;14;50;55;54;47;26;4;21;80;11;93;27;48;78;108;44;75;48;27;52;10;50;19;47;69;45;57;49;25;50;23;25;20;49;30;23;43;26;52;45;28;72;50;45;25;49
Bajamar;19;0;8;70;69;68;33;35;37;54;68;67;97;28;38;52;83;91;36;74;64;74;62;65;22;236;88;67;66;8;70;71;65;33;68;68;70;63;34;30;64;71;69;86;68;69;70;32;69;32;56;58;68;52;59;68;66;68;37;22;20;31;67;72;71;64;38;21;33;92;23;105;44;65;95;120;62;87;65;39;69;27;67;31;64;86;63;74;67;37;67;35;37;38;66;42;35;55;38;70;62;40;89;68;62;42;67
Punta del Hidalgo;23;6;0;74;73;72;37;39;41;58;72;71;101;31;42;56;87;95;40;78;68;78;66;69;26;240;92;71;70;4;74;75;69;37;72;72;74;66;38;34;68;74;73;90;72;72;73;36;73;36;60;62;72;56;63;72;70;72;41;26;24;35;71;76;75;68;42;25;37;96;27;109;48;69;99;124;66;91;69;43;73;31;71;35;68;90;67;78;71;41;71;39;41;42;70;46;38;59;42;73;66;44;93;72;66;46;71
Ten-Bel;52;69;74;0;20;19;67;78;71;84;18;17;47;49;42;80;69;44;70;94;11;25;16;15;56;187;38;18;16;73;20;22;16;67;19;19;21;16;68;64;18;21;20;39;18;20;20;67;20;54;84;16;18;81;21;19;17;19;72;54;54;53;18;22;22;26;72;53;67;62;57;88;43;26;59;117;84;78;16;73;20;48;88;66;15;37;17;24;17;71;17;69;71;59;20;76;69;83;72;20;24;74;39;18;22;64;18
El Camisón;51;69;73;21;0;5;66;77;70;77;12;7;40;48;42;73;63;39;70;87;11;18;16;7;56;173;31;11;9;73;14;15;9;67;0;3;14;17;68;64;18;14;5;34;11;4;13;66;13;53;77;16;12;74;20;6;6;12;71;53;53;52;7;15;16;26;71;53;67;55;57;81;43;27;59;110;83;71;9;73;12;48;82;65;8;30;17;18;10;71;10;69;71;58;21;76;68;76;71;13;23;74;33;11;22;63;4
Los Cristianos;53;70;74;22;7;0;68;78;72;78;13;9;42;50;43;75;64;40;71;88;13;19;17;8;57;169;33;12;11;74;15;16;10;68;6;7;15;18;69;65;20;15;8;35;13;8;15;67;14;55;79;17;13;75;22;8;8;13;72;55;55;53;9;17;17;28;73;54;68;56;58;83;44;28;61;112;84;73;10;74;14;49;84;66;9;31;19;19;12;72;11;70;72;60;22;77;70;77;73;14;25;75;34;12;24;64;3
Martiánez;22;35;39;68;67;66;0;36;5;29;66;65;81;26;36;27;58;89;11;49;62;72;60;63;16;234;88;65;64;39;68;69;63;4;66;66;68;61;1;11;62;69;67;85;66;67;68;4;67;30;31;56;66;27;57;66;64;66;7;19;23;30;65;70;69;62;8;22;9;67;13;80;42;63;93;95;60;62;63;9;67;25;53;6;62;87;61;72;65;8;65;2;7;36;64;17;1;30;12;68;60;15;78;66;60;40;65
Playa de Mesa del Mar;32;33;37;78;77;76;32;0;36;54;76;75;106;35;46;52;82;99;36;74;72;82;69;73;27;244;96;75;73;37;78;79;73;33;76;75;78;70;34;30;72;78;77;94;75;76;77;32;77;40;56;66;76;52;67;76;74;76;37;29;32;39;75;80;79;72;38;32;33;92;22;105;52;73;103;120;70;87;73;39;77;35;75;31;72;94;71;82;75;37;75;35;37;45;74;42;34;55;37;77;70;40;97;75;70;50;74
Playa Jardín;26;39;44;73;71;71;8;40;0;27;70;69;79;30;41;25;61;94;9;47;67;77;64;67;21;238;86;70;68;43;72;74;68;7;71;70;73;65;7;15;66;73;71;88;70;71;72;7;72;35;29;60;70;25;62;70;69;71;6;24;27;34;70;74;74;67;6;27;12;65;17;77;47;68;97;93;64;60;68;4;71;29;56;7;67;85;65;76;69;2;69;6;5;40;69;15;9;28;17;72;65;13;76;70;65;45;69
San Marcos;44;57;61;88;79;78;30;58;28;0;73;75;62;48;58;8;79;107;26;31;78;75;83;73;39;246;70;72;73;61;74;75;73;31;78;77;74;84;32;33;85;72;79;97;73;78;73;30;75;52;13;78;73;8;79;76;76;73;31;42;45;52;76;74;83;85;31;45;30;48;35;61;64;86;115;76;82;44;73;29;80;47;74;26;75;68;84;74;72;27;74;31;31;58;87;17;32;12;35;75;83;26;59;75;83;63;76
Torviscas y Fañabé;50;67;72;20;11;10;65;76;69;71;0;7;35;47;41;68;63;39;68;82;10;12;15;5;55;178;26;3;5;72;6;7;5;65;10;10;7;16;67;62;17;9;11;33;4;11;6;65;5;52;72;15;0;68;19;9;8;4;70;52;52;51;8;10;16;25;70;52;66;50;55;76;41;25;58;105;82;66;5;72;12;46;82;64;7;24;16;12;5;69;6;68;69;57;20;76;67;70;70;6;22;73;27;7;21;62;9
Troya;50;67;72;19;9;9;65;76;69;74;8;0;38;47;40;71;63;39;68;85;10;15;15;5;54;177;29;9;7;71;12;13;4;65;8;8;12;16;66;62;17;12;9;33;9;9;11;65;11;52;75;14;8;71;19;7;8;10;70;52;52;51;0;13;15;25;70;51;65;53;55;79;41;25;58;108;82;69;6;71;12;46;82;64;5;27;16;15;8;69;6;68;69;57;19;74;67;73;70;11;22;72;30;7;21;62;7
Acantilados de los Gigantes;80;97;101;49;40;40;79;107;77;60;35;37;0;76;70;57;65;68;75;71;40;36;44;35;84;208;22;34;35;101;35;36;34;79;40;39;36;45;81;82;46;33;40;63;35;40;35;79;36;82;61;44;35;57;49;38;38;35;80;82;82;80;37;35;45;55;80;81;79;39;84;65;71;55;87;94;111;55;34;78;42;76;84;75;36;21;46;31;34;76;35;80;80;87;49;66;81;59;84;36;52;75;9;36;51;91;38
Auditorio de Tenerife;10;28;32;51;50;49;25;36;29;47;49;48;78;0;19;45;72;72;29;67;45;55;42;45;15;217;68;48;46;32;51;52;46;26;49;48;51;43;27;23;44;51;50;67;48;49;50;25;50;8;49;39;49;45;40;49;47;49;30;12;12;4;48;53;52;45;30;12;26;85;16;98;25;46;76;113;38;80;46;32;50;2;55;24;45;67;44;55;48;30;48;28;30;10;47;35;27;48;30;50;43;33;70;48;43;15;47
Basílica Nuestra Señora de la Candelaria;20;38;42;44;43;42;35;46;39;57;42;41;71;17;0;55;71;65;38;77;38;48;36;39;25;210;62;41;40;42;44;45;39;35;42;42;44;37;37;33;38;45;43;60;42;43;44;35;43;22;59;32;42;55;33;42;40;42;40;22;22;21;41;46;45;38;40;22;36;86;25;107;17;39;69;123;52;90;39;42;43;16;54;34;38;60;37;48;41;39;41;38;40;27;40;45;37;58;40;44;36;43;63;42;36;32;41
Parque del Drago;43;56;60;80;71;71;29;57;27;10;66;68;54;46;57;0;78;99;25;29;70;68;75;66;37;238;62;65;66;60;66;67;65;29;70;70;67;76;30;32;77;64;71;89;65;71;66;29;67;51;12;75;66;7;80;69;69;66;30;40;43;50;68;67;76;85;30;43;28;41;34;53;63;86;114;69;81;42;65;28;72;46;72;24;67;60;76;66;65;26;66;30;29;57;80;15;31;11;33;67;83;25;52;67;81;61;69
Parque Nacional del Teide;66;80;84;68;61;61;53;81;57;74;61;60;63;70;71;72;0;54;55;94;59;64;62;58;61;228;62;61;58;84;62;63;58;54;60;60;62;63;55;56;64;60;61;31;61;61;61;53;63;75;76;62;61;72;66;61;59;62;57;65;66;74;60;62;50;55;57;66;51;65;58;29;76;72;66;99;104;81;58;59;53;69;25;51;57;60;63;62;60;56;59;56;57;80;66;62;55;75;58;63;69;60;60;60;68;85;59
Barranco del Infierno;76;93;98;45;37;36;91;102;95;102;37;35;65;73;66;98;56;0;94;112;35;43;41;33;80;204;56;36;34;98;38;40;34;91;36;36;39;42;92;88;44;39;37;26;36;37;38;91;38;78;102;40;37;99;45;37;34;37;96;78;78;77;36;40;27;38;96;78;91;80;81;60;67;52;62;135;108;96;34;97;27;72;75;90;33;55;43;42;35;95;35;94;95;83;46;100;93;101;96;38;48;99;58;36;48;88;35
Rambla de Castro;38;51;56;85;83;83;25;52;22;21;84;81;73;42;53;19;73;106;0;41;79;86;76;79;33;250;80;83;80;55;85;86;80;25;83;82;85;77;26;27;78;83;83;100;84;83;84;24;85;47;23;72;84;19;74;82;81;84;25;36;39;46;82;85;86;79;26;39;24;59;29;72;59;80;109;87;76;54;80;24;83;41;68;20;79;79;77;85;83;21;85;25;25;52;81;9;27;22;29;86;77;7;70;85;77;57;81
Buenavista Golf;62;75;79;93;84;83;48;76;46;30;78;80;67;66;76;27;97;112;44;0;83;81;88;78;57;251;75;78;78;79;79;80;78;49;83;83;79;89;50;51;90;77;84;102;78;83;78;48;80;70;19;87;78;27;92;82;81;79;49;60;63;70;81;79;89;98;49;63;48;32;53;66;82;98;131;88;100;24;78;47;85;65;92;44;80;73;89;79;77;45;79;49;49;76;93;35;50;18;53;80;95;44;64;80;94;81;82
Centro de Golf Los Palos;48;65;69;12;14;13;63;74;67;77;12;11;41;45;38;74;62;38;66;87;0;18;13;9;52;181;32;11;10;69;14;15;9;63;13;12;14;13;64;60;15;14;14;33;12;13;13;62;13;50;77;12;12;74;17;12;11;12;68;50;50;48;11;16;15;23;68;49;63;55;53;82;39;23;56;111;79;72;9;69;13;44;81;61;8;30;14;18;11;67;11;65;67;55;17;72;65;76;68;13;20;70;33;11;19;59;11
Golf Costa Adeje;58;75;79;27;18;18;73;83;77;75;11;15;38;54;48;71;67;46;76;85;18;0;22;13;62;186;29;10;13;79;7;8;12;73;18;17;8;23;74;70;24;4;18;41;11;18;9;72;11;60;75;22;11;72;27;16;16;9;77;60;59;58;15;11;23;32;78;59;73;53;63;79;49;33;65;108;89;69;12;79;20;54;86;71;14;27;23;15;12;77;13;75;77;65;27;80;74;73;78;11;30;80;30;14;28;69;16
Golf del Sur;44;62;66;17;17;16;59;70;63;81;16;15;45;41;35;78;63;39;63;92;12;22;0;13;49;184;36;15;14;66;18;19;13;60;16;16;19;3;61;57;9;19;17;33;16;17;18;59;18;47;82;9;16;78;14;16;14;16;64;46;46;45;15;20;19;19;65;46;60;60;50;86;36;17;52;115;76;76;14;66;17;41;81;58;13;34;3;22;15;64;15;62;64;51;7;69;61;80;64;18;15;67;37;16;13;56;15
Golf Las Américas;47;64;69;16;8;7;62;73;66;71;6;4;35;44;37;68;60;36;65;82;7;12;12;0;51;175;26;6;4;69;8;9;4;62;7;6;9;13;63;59;14;9;8;30;6;7;8;62;8;49;72;11;6;68;16;5;5;7;67;49;49;48;5;10;12;22;67;49;62;50;52;76;38;22;55;105;79;66;4;68;9;43;79;61;4;24;13;12;5;66;6;65;66;54;16;71;64;70;67;8;19;70;27;6;18;59;5
Real Club de Golf de Tenerife;10;22;26;56;55;54;17;27;21;39;54;53;83;14;24;37;67;77;21;59;50;60;48;51;0;222;74;53;52;26;56;57;51;18;54;54;57;49;19;15;50;57;55;72;54;55;56;17;56;18;41;44;54;37;45;54;52;54;22;8;11;18;53;58;57;50;22;10;18;77;8;90;30;52;81;105;48;72;52;24;55;13;53;16;51;72;49;60;53;22;53;20;22;24;52;27;19;40;22;56;48;25;75;54;49;28;53
Tecina Golf;218;236;240;188;173;169;233;244;237;244;178;174;207;215;209;240;230;206;236;254;178;185;183;174;223;0;198;178;176;240;180;182;175;233;172;173;181;184;235;231;185;181;174;201;178;174;180;233;180;220;244;183;178;241;187;173;173;179;238;220;220;219;175;182;183;193;238;220;234;222;223;248;209;194;226;277;250;238;176;240;179;214;249;232;175;197;184;184;177;237;177;236;238;225;188;243;235;243;238;180;190;241;199;178;189;230;169
Abama Spa;62;79;84;32;23;22;77;88;85;68;17;19;22;59;52;65;63;51;83;78;22;19;27;17;66;190;0;16;17;84;18;19;17;77;22;21;18;28;78;74;29;15;23;45;17;22;17;77;19;64;68;26;17;65;31;20;20;17;82;64;64;63;20;17;27;37;82;64;77;46;67;73;53;37;70;102;94;63;17;86;24;58;82;76;19;2;28;14;16;84;18;80;81;69;31;73;79;67;82;19;34;83;14;19;33;74;20
Aequor spa;50;68;72;20;11;10;65;76;69;71;1;8;35;47;41;68;63;39;68;82;10;12;15;6;55;178;26;0;5;72;6;7;5;65;10;10;7;16;67;63;17;9;11;34;4;11;6;65;6;52;72;15;1;68;19;9;8;4;70;52;52;51;8;10;16;25;70;52;66;50;55;76;41;26;58;105;82;66;5;72;12;46;83;64;7;24;16;12;5;69;6;68;70;57;20;77;67;70;70;6;22;73;27;7;21;62;9
Aqua Club Termal;48;66;70;18;9;9;63;74;67;69;4;6;33;45;39;66;61;37;67;80;8;10;13;4;53;176;24;3;0;70;6;7;3;64;8;8;6;14;65;61;15;7;9;32;4;9;6;63;5;51;70;13;4;66;18;7;7;4;68;50;50;49;6;8;14;23;69;50;64;48;54;74;40;24;56;103;80;64;3;70;10;45;81;62;6;22;14;10;2;68;4;66;68;55;18;75;65;68;68;5;21;71;25;5;19;60;7
Centro de medicina Natural Océano;22;5;3;73;72;71;36;38;40;58;71;70;100;31;41;55;86;94;39;77;67;77;65;68;25;239;91;70;69;0;73;74;68;36;71;71;74;66;37;33;67;74;72;89;71;72;73;36;73;35;60;61;71;56;62;71;69;71;41;25;24;35;70;75;74;68;41;24;36;96;26;108;47;69;98;124;65;90;69;42;72;30;71;35;68;89;66;77;70;40;70;39;40;41;70;45;38;58;41;73;65;44;92;71;66;46;70
Caroli Health Club;52;69;74;22;13;12;67;78;71;72;5;9;36;49;42;69;64;41;70;82;12;7;17;7;56;180;27;4;7;74;0;1;7;67;12;11;2;18;68;64;19;7;13;35;4;12;3;67;4;54;72;16;5;69;21;10;10;3;72;54;54;53;10;11;17;27;72;54;67;50;57;77;43;27;60;105;84;67;7;73;14;48;83;66;9;25;18;13;6;71;8;70;71;59;21;77;69;71;72;4;24;75;28;9;23;64;10
Bahía del Duque Spa;51;69;73;21;12;11;66;77;70;71;4;9;35;48;42;68;63;40;70;82;11;9;16;7;56;179;26;3;6;73;3;0;6;67;11;11;3;17;68;64;18;9;12;35;4;12;2;66;4;53;72;16;4;68;20;10;10;2;71;53;53;52;9;11;17;26;71;53;67;50;57;76;43;27;59;105;83;66;6;73;13;48;83;65;8;24;17;12;6;71;7;69;71;58;21;77;68;70;71;4;23;74;27;8;22;63;10
Centro Wellness del Hotel Jardín Tropical;49;66;71;18;8;8;64;75;68;72;5;3;36;46;39;68;62;38;67;82;9;13;14;4;53;176;26;6;3;70;8;9;0;64;7;7;9;14;65;61;16;9;8;33;6;8;8;63;8;51;72;13;5;69;18;6;7;7;69;51;51;50;4;11;15;24;69;50;64;50;54;77;40;24;57;105;80;66;2;70;11;45;81;62;3;25;15;13;4;68;1;66;68;56;18;73;66;71;69;8;21;71;28;2;20;60;6
Spa Blue Sea Puerto Resort;25;38;42;71;70;69;7;39;9;33;69;68;84;29;39;30;61;93;14;52;66;75;63;66;20;237;92;69;67;42;71;72;67;0;69;69;72;64;6;14;65;72;70;88;69;70;71;4;71;33;35;59;69;31;61;69;68;70;11;23;26;33;69;73;73;66;11;26;12;71;16;83;45;67;96;99;63;65;67;13;70;28;56;10;66;90;64;75;68;11;68;7;11;39;68;20;8;33;15;71;64;19;81;69;64;44;68
Mare Nostrum Spa;51;68;73;20;0;5;66;77;70;76;11;6;40;48;41;73;62;38;69;87;11;17;16;7;55;173;31;10;9;72;13;14;8;66;0;2;13;16;67;63;18;14;4;33;11;4;13;65;12;53;77;15;11;73;20;5;6;11;71;53;53;52;7;15;15;26;71;52;66;55;56;81;42;26;59;110;82;71;9;72;12;47;82;64;7;29;17;17;10;70;10;68;70;58;20;75;68;75;71;13;23;73;32;10;22;62;3
Natural Wellness Spa;50;67;72;20;3;5;65;76;69;74;9;4;38;47;40;71;62;38;68;85;10;16;15;5;54;173;29;9;7;72;11;12;6;65;2;0;12;16;66;62;17;12;1;33;9;0;11;65;11;52;75;14;9;71;19;2;6;10;70;52;52;51;4;13;15;25;70;52;66;53;55;79;41;25;58;108;82;69;8;72;11;46;81;64;6;27;16;15;8;69;8;68;69;57;19;74;67;73;70;11;22;73;30;9;21;62;4
Riu Palace Body Love;52;70;74;22;13;13;67;78;71;72;6;10;36;49;43;69;65;41;71;83;12;8;17;8;57;180;27;4;7;74;2;2;8;68;13;12;0;18;69;65;19;8;13;36;5;13;3;67;5;55;73;17;6;69;22;11;11;4;72;54;54;53;10;12;18;27;73;54;68;51;58;77;44;28;60;106;84;67;8;74;14;49;84;66;9;25;18;13;7;72;9;70;72;59;22;78;69;71;72;5;25;75;28;9;23;64;11
Spa Atlantis;47;64;69;19;19;19;62;66;84;18;17;47;44;37;80;65;41;65;94;15;25;5;64;15;51;187;38;18;16;69;20;22;16;62;19;18;21;0;63;59;11;21;19;36;18;19;20;62;20;49;84;11;18;81;16;19;17;19;67;49;49;48;18;22;22;21;67;49;62;62;52;88;38;20;54;117;79;78;16;68;20;43;83;61;15;37;3;24;17;66;17;65;66;54;7;71;64;83;67;20;18;70;39;18;15;59;17
Bp San Felipe;31;40;69;68;67;0;37;9;30;67;66;82;26;37;28;59;90;12;50;63;73;61;61;17;235;89;66;65;40;69;70;64;5;67;67;69;61;12;0;63;70;68;86;67;67;69;4;68;23;32;57;67;28;58;67;65;67;11;20;23;30;66;71;70;63;11;23;10;68;14;29;43;64;94;96;61;63;64;13;68;26;54;7;63;88;62;73;66;11;66;7;11;37;65;18;8;31;26;68;61;16;79;67;61;41;66;36
Club Spa La Quinta Park;28;37;66;65;65;8;34;12;30;64;63;81;24;34;27;58;88;11;49;61;71;58;16;15;232;89;64;62;37;66;67;62;8;64;64;67;59;9;60;0;67;65;84;64;65;66;8;66;20;32;54;64;28;56;64;63;65;13;18;21;28;64;68;68;61;13;21;8;68;11;28;40;62;91;96;58;62;62;15;65;23;52;7;61;87;59;70;63;12;63;11;12;34;63;17;10;30;23;65;59;16;78;64;59;39;63;33
Spa Magek;50;70;20;20;20;63;74;67;85;19;18;48;45;38;81;66;42;66;95;16;26;5;10;52;187;39;19;17;69;21;22;17;63;20;19;22;6;64;60;22;0;20;37;19;20;21;62;21;48;85;12;19;82;14;19;18;20;68;50;50;49;19;23;23;22;68;49;63;63;53;79;39;15;55;118;79;79;17;69;20;44;84;61;16;38;6;25;18;67;18;65;67;55;10;72;65;83;44;20;13;70;40;19;11;59;18;65
Spa Royal Garden Villas;56;76;24;15;14;69;80;73;71;9;11;35;51;45;68;63;43;72;82;14;4;19;6;59;182;26;9;9;76;7;8;9;69;14;14;8;20;71;66;21;15;0;38;9;15;9;69;11;54;72;19;9;68;23;13;12;10;74;56;56;55;12;8;20;29;74;56;70;50;59;65;45;30;62;105;86;66;9;76;16;50;82;68;11;24;20;12;8;73;10;72;74;61;24;77;71;70;50;15;26;77;27;11;25;66;13;71
Spa Hotel Europe Villa Cortés;53;73;21;4;7;66;77;70;76;11;5;40;48;42;72;64;40;70;86;11;17;16;29;56;175;30;10;8;73;13;14;8;67;3;1;13;17;68;64;18;13;35;0;10;1;12;66;12;51;76;16;11;73;20;4;7;11;71;53;53;52;5;15;17;26;71;53;67;54;57;70;43;27;59;109;83;70;9;73;13;47;83;65;7;29;17;17;9;70;9;69;71;58;21;76;68;75;47;4;23;74;32;10;22;63;6;69
Spa Villalba;71;90;40;32;32;81;95;84;95;32;31;61;66;59;91;33;25;83;105;30;38;33;7;73;199;51;31;29;90;34;35;29;81;31;31;34;34;82;81;35;34;32;31;0;32;33;81;33;69;95;33;32;92;37;32;30;32;85;71;71;70;31;36;21;26;85;70;79;73;74;89;60;43;41;128;100;89;29;86;24;65;53;78;28;50;34;38;30;84;30;84;84;76;37;89;83;94;65;32;40;87;53;31;39;80;30;86
Thai Zen Space;53;73;21;12;11;66;77;70;72;4;9;36;48;42;69;64;40;70;83;11;11;16;5;56;179;27;3;6;73;5;6;6;66;11;11;6;17;68;64;18;10;12;35;12;0;5;66;2;51;73;16;4;69;20;10;9;1;71;53;53;52;9;11;17;26;71;53;67;51;57;66;43;27;59;106;83;67;6;73;13;47;84;65;8;25;17;13;6;70;7;69;71;58;21;78;68;71;47;12;23;74;28;8;22;63;10;69
Thalasso H10 Conquistador;51;68;72;20;5;6;65;76;69;75;10;4;39;47;41;72;63;39;69;85;11;16;15;5;55;174;30;9;8;72;12;13;7;66;4;1;12;16;67;63;17;12;1;34;10;0;11;65;11;53;76;15;10;72;20;3;7;10;70;52;52;51;5;14;16;25;71;52;66;53;56;80;42;26;58;109;82;70;8;72;12;47;82;64;6;28;16;16;9;70;8;68;70;57;20;75;67;74;70;11;23;73;31;9;21;62;5
Spa Nammu;52;69;74;21;13;12;67;78;71;72;5;9;36;49;42;68;64;41;70;82;12;9;17;7;56;180;26;4;7;74;3;4;7;67;12;11;3;18;68;64;19;9;13;35;4;12;0;67;4;54;72;16;5;69;21;10;10;3;72;54;54;53;10;11;17;27;72;54;67;50;57;77;43;27;60;105;84;67;7;73;14;48;83;66;9;25;18;13;6;71;8;70;71;59;21;77;69;71;72;4;24;75;28;9;23;64;10
The Oriental Spa Garden;21;34;39;68;66;66;4;35;5;29;65;64;80;25;36;26;58;89;10;48;62;72;59;62;16;233;88;65;63;38;67;68;63;2;66;65;68;60;3;10;61;68;66;84;65;66;67;0;67;30;31;55;65;27;57;65;64;66;8;19;22;29;65;69;69;62;8;22;8;67;12;79;42;63;92;95;59;61;63;10;66;24;52;6;62;86;60;71;64;8;64;4;7;35;64;16;5;30;11;67;60;15;77;65;60;40;64
Vitanova Spa Wellness;52;69;73;21;12;12;67;77;71;73;5;9;36;48;42;69;65;40;70;83;12;12;16;7;56;180;27;4;6;73;5;7;7;67;12;11;6;17;68;64;18;10;12;35;4;12;5;66;0;54;73;16;5;70;21;10;10;1;71;54;53;52;9;11;17;26;72;53;67;51;57;77;43;27;59;106;83;67;7;73;14;48;84;65;8;26;17;13;6;71;8;69;71;59;21;78;68;71;72;0;24;74;28;8;22;63;10
Centro Histórico de Santa Cruz de Tenerife;14;31;36;55;54;53;29;40;33;51;53;52;82;9;23;48;75;76;32;70;49;59;47;50;19;221;73;52;51;36;55;56;50;29;53;53;55;48;31;26;49;56;54;71;53;54;55;29;54;0;53;43;53;49;44;53;51;53;34;16;16;7;52;57;56;49;34;16;30;89;19;101;29;50;80;117;33;83;50;36;54;7;59;28;49;71;48;59;52;33;52;32;33;12;51;38;31;52;34;54;47;37;74;53;47;14;52
Centro Histórico de Garachico;45;58;62;85;76;76;31;59;29;13;71;73;59;49;59;9;80;104;27;20;75;73;80;71;39;243;67;70;71;62;71;72;70;31;75;75;72;81;33;34;82;69;76;94;70;76;71;31;72;53;0;80;71;10;80;74;74;71;32;43;46;53;73;72;81;86;32;45;30;42;36;59;65;87;116;78;83;33;70;30;77;48;74;26;72;65;81;71;70;28;71;32;32;59;85;18;33;1;36;72;83;27;57;72;84;64;74
Oficina de información turística Cabildo Aeropuerto Tenerife Sur;40;58;62;18;17;16;55;66;59;77;16;14;45;37;31;77;63;39;59;91;12;22;9;12;45;184;35;15;13;62;18;19;13;56;16;15;18;10;57;53;11;18;17;33;15;16;17;55;17;43;79;0;16;78;10;16;14;16;60;42;42;41;15;20;19;15;60;42;56;59;46;86;32;16;48;114;72;75;13;62;17;37;77;54;12;34;10;22;14;60;14;58;60;47;14;65;57;78;60;17;13;63;37;15;13;52;14
Oficina de información turística de Fañabé;50;67;72;20;11;10;65;76;69;71;0;7;35;47;41;68;63;39;68;82;10;12;15;5;55;178;26;3;5;72;6;7;5;65;10;10;7;16;67;62;17;9;11;33;4;11;6;65;5;52;72;15;0;68;19;9;8;4;70;52;52;51;8;10;16;25;70;52;66;50;55;76;41;25;58;105;82;66;5;72;12;46;82;64;7;24;16;12;5;69;6;68;69;57;20;76;67;70;70;6;22;73;27;7;21;62;9
Oficina de información turística de Icod de Los Vinos;41;53;58;81;73;72;27;55;25;8;67;69;56;44;55;1;75;100;23;27;72;69;77;67;35;240;63;66;67;58;67;69;67;27;72;71;68;77;28;30;79;66;72;90;67;72;67;27;68;49;10;76;67;0;76;70;70;67;28;38;41;48;69;68;77;81;28;41;26;42;32;55;61;82;112;70;79;40;66;26;74;44;70;22;68;62;78;68;66;24;68;28;27;54;81;13;29;8;31;68;79;22;53;68;79;59;70
Oficina de información turística del Médano;40;57;62;21;20;19;55;66;59;77;19;18;48;37;31;74;67;42;58;94;15;25;12;16;45;187;39;18;16;62;21;22;16;55;19;18;21;13;57;52;15;21;20;38;18;19;20;55;20;42;79;9;19;75;0;19;17;19;60;42;42;41;18;23;22;14;60;42;56;62;45;89;31;9;47;117;72;79;16;62;20;36;76;54;15;37;14;25;18;59;18;58;59;47;17;64;57;78;60;20;6;63;40;18;6;52;17
Oficina de información turística de Arona - Playa de las Américas;49;66;71;18;7;6;64;75;68;73;8;2;37;46;39;70;62;38;67;84;9;14;14;4;53;174;28;7;6;70;10;11;5;64;6;5;11;14;65;61;16;11;7;32;8;6;10;63;10;51;74;13;8;70;18;0;7;8;69;51;51;50;2;12;14;24;69;50;64;52;54;78;40;24;57;107;80;68;6;70;11;45;81;62;4;26;15;14;7;68;6;66;68;56;18;73;66;72;69;10;21;71;29;7;20;60;5
Oficina de información turística de Arona - Playa de las Vistas;49;66;70;19;7;6;64;74;68;74;9;7;38;45;39;71;60;36;67;84;9;15;13;6;53;174;29;8;6;70;11;12;6;64;6;6;11;14;65;61;15;11;7;31;8;6;10;63;10;51;74;13;9;71;18;6;0;9;68;51;50;49;8;13;13;23;69;50;64;52;54;79;40;24;56;107;80;69;6;70;10;45;80;62;5;27;14;15;8;68;8;66;68;55;18;73;65;73;69;10;21;71;30;8;19;60;5
Oficina de información turística de Plaza del Duque;50;68;72;20;11;10;65;76;69;71;3;8;35;47;41;68;63;39;69;82;10;10;15;6;55;178;26;2;5;72;4;5;5;66;10;10;5;16;67;63;17;9;11;34;3;11;4;65;1;52;72;15;3;68;19;9;9;0;70;52;52;51;8;10;16;25;70;52;66;50;56;76;42;26;58;105;82;66;5;72;12;47;83;64;7;24;16;12;5;70;6;68;70;57;20;77;67;70;70;2;22;73;27;7;21;62;9
Oficina de información turística Cabildo de Puerto de la Cruz;28;41;45;74;73;72;9;42;3;31;72;71;82;32;42;29;64;95;12;50;68;78;66;69;22;240;90;71;70;45;74;75;69;8;72;72;74;67;8;17;68;75;73;90;72;73;74;7;73;36;33;62;72;29;63;72;70;72;0;25;29;35;71;76;75;68;0;28;14;69;19;81;48;69;99;97;66;64;69;8;73;31;58;10;68;88;67;78;71;6;71;6;2;42;70;18;9;32;18;74;66;17;79;72;66;46;71
Oficina de información turística Cabildo Aeropuerto de Los Rodeos;7;20;25;53;52;51;18;29;22;39;51;50;80;11;21;37;66;74;21;59;47;57;45;48;7;219;71;50;49;24;53;54;48;18;51;51;54;46;19;15;47;54;52;69;51;52;53;18;52;15;42;41;51;38;42;51;49;51;23;0;8;15;50;55;54;47;23;7;18;78;8;90;27;49;78;106;45;72;49;24;52;10;50;17;48;69;46;57;50;22;50;20;22;21;49;27;20;40;23;53;45;25;72;51;46;25;50
Oficina de información turística de San Cristóbal de La Laguna;6;20;25;53;52;51;20;30;24;41;51;49;80;10;21;39;65;74;23;61;47;57;44;47;9;219;70;50;48;24;53;54;48;20;51;50;53;45;21;17;46;53;52;68;50;51;52;19;52;15;43;40;51;39;42;51;49;51;24;7;0;14;50;55;54;47;25;1;20;79;10;92;27;48;78;107;44;74;48;26;52;10;49;18;47;69;45;57;49;24;49;22;24;20;49;29;22;42;25;52;45;27;72;50;45;25;49
Oficina de información turística Cabildo Santa Cruz de Tenerife;12;29;33;53;51;51;26;37;30;48;50;49;79;6;20;46;73;74;30;68;47;57;44;47;16;218;70;50;48;33;52;53;48;27;51;50;53;45;28;24;46;53;51;68;50;51;52;26;52;4;50;40;50;46;42;50;49;51;31;14;13;0;50;54;54;47;32;13;27;86;17;99;26;48;77;114;35;81;48;33;51;4;56;25;47;68;45;56;49;31;49;29;31;14;49;36;28;49;32;52;45;34;71;50;45;16;49
Oficina de información turística de Costa Adeje - Troya;49;67;71;19;8;8;64;75;68;74;8;4;38;46;40;70;62;38;68;84;9;15;14;4;54;176;28;8;6;71;11;12;4;65;8;7;12;15;66;62;16;11;8;33;9;8;11;64;10;51;74;14;8;71;18;6;8;9;69;51;51;50;0;13;15;24;69;51;65;52;55;79;41;25;57;107;81;68;5;71;11;46;81;63;4;27;15;15;7;68;5;67;69;56;19;74;66;73;69;11;21;72;30;6;20;61;7
Centro Histórico de Adeje;53;70;74;22;13;13;67;78;71;70;8;10;34;49;43;67;62;41;71;81;13;11;17;8;57;180;25;7;8;74;9;10;7;68;13;12;9;18;69;65;19;7;13;36;7;13;8;67;10;55;71;17;8;67;22;11;11;9;72;54;54;53;10;0;18;27;73;54;68;49;58;75;44;28;60;104;84;65;7;74;14;49;81;66;9;23;18;11;7;72;8;70;72;59;22;76;69;69;72;10;25;75;26;9;23;64;11
Centro Histórico de Arona;55;72;77;24;17;16;70;81;74;81;16;15;45;52;46;78;47;22;73;92;14;22;20;13;59;184;36;15;14;77;18;19;13;70;16;15;18;21;71;67;22;19;17;17;16;16;18;70;17;57;82;19;16;78;24;16;14;16;75;57;57;56;15;20;0;27;75;57;71;60;60;51;46;30;53;115;87;76;13;77;10;51;66;69;12;34;21;22;15;74;15;73;74;62;25;79;72;80;75;18;27;78;37;16;26;67;14
Centro Histórico de Granadilla de Abona;50;67;71;28;27;27;64;75;68;86;26;25;55;46;40;84;59;39;68;102;23;33;20;23;54;195;46;26;24;71;28;30;24;65;27;26;29;21;66;62;22;29;27;30;26;27;28;64;28;52;88;17;26;84;18;27;25;27;69;51;51;50;26;30;27;0;70;51;65;70;55;64;41;24;35;125;81;86;24;71;28;46;78;63;23;45;21;32;25;69;25;67;69;56;24;74;66;87;69;28;21;72;47;26;21;61;25
Centro Histórico de Puerto de la Cruz;28;41;45;74;73;73;8;42;3;30;72;71;82;32;42;28;63;96;12;50;69;79;66;69;23;240;89;72;70;45;74;75;70;7;72;72;75;67;8;17;68;75;73;90;72;73;74;7;74;36;32;62;72;28;64;72;71;73;0;26;29;36;72;76;76;69;0;29;14;68;19;81;48;70;99;96;66;63;70;7;73;31;58;9;69;88;67;78;71;5;71;4;2;42;71;18;8;31;18;74;67;16;79;72;67;47;71
Centro Histórico de La Laguna;5;21;25;51;50;49;18;29;22;40;49;48;78;9;19;38;64;72;21;59;45;55;43;46;8;217;69;49;47;25;51;52;46;18;49;49;52;44;20;15;45;52;50;67;49;50;51;18;51;13;42;39;49;38;40;49;47;49;23;5;3;13;48;53;53;46;23;0;19;78;8;90;25;47;76;106;43;73;47;25;50;8;47;17;46;67;44;55;48;22;48;21;23;19;48;27;20;41;23;51;43;26;70;49;44;24;48
Centro Histórico de La Orotava;23;36;40;69;68;67;9;37;12;30;67;66;81;26;37;27;52;90;11;49;63;73;61;64;17;235;89;66;65;40;69;70;64;9;67;67;69;61;11;12;63;69;68;79;67;67;68;9;68;31;32;57;67;28;58;67;65;67;13;20;23;30;66;71;70;63;13;23;0;68;14;80;43;64;94;96;61;62;64;14;68;26;47;7;63;87;62;73;66;12;66;12;12;37;65;17;11;30;13;68;61;16;78;66;61;41;65
Caserío de Masca;79;92;97;63;54;54;66;93;63;46;49;51;38;83;84;43;67;82;61;33;54;51;58;49;74;222;45;48;49;96;49;50;48;66;54;53;50;59;67;68;60;47;54;72;49;54;49;65;50;88;40;58;49;43;63;52;52;49;66;77;80;87;51;50;59;68;67;80;65;0;70;51;85;69;101;80;117;17;48;65;56;82;86;61;50;44;60;50;48;62;49;66;66;93;63;52;67;39;70;50;66;61;35;50;65;98;52
Casa del Vino;12;25;29;58;57;56;12;26;16;33;56;55;85;16;26;31;62;80;15;53;53;62;50;53;7;224;76;56;54;29;58;59;54;12;56;56;59;51;13;9;52;59;57;74;56;57;58;11;58;20;35;46;56;31;47;56;55;57;17;10;13;20;56;60;60;53;17;13;12;71;0;84;32;54;83;99;50;66;54;18;57;15;55;10;53;74;51;62;55;16;55;14;16;26;55;21;14;34;17;58;51;19;77;56;51;31;55
Chinyero;91;104;109;53;44;43;78;105;75;58;38;40;40;95;74;55;57;72;73;68;43;41;48;38;86;211;39;38;38;108;39;40;38;78;43;43;39;49;79;80;50;37;44;63;38;44;38;77;40;100;59;48;38;55;52;42;41;39;78;89;92;99;41;39;49;58;79;92;77;52;82;0;74;59;91;66;129;68;38;77;45;94;77;73;40;37;49;39;37;74;39;78;78;105;53;64;79;57;82;40;55;73;37;40;54;110;42
Malpaís de Güímar;27;45;49;45;44;43;42;53;46;64;43;42;72;24;18;62;78;66;46;84;39;49;37;40;32;211;63;42;41;49;45;46;40;43;43;43;46;38;44;40;39;46;44;61;43;44;45;42;45;30;66;33;43;62;34;43;41;43;47;29;29;28;42;47;46;39;48;29;43;87;33;113;0;41;70;130;59;97;41;49;44;24;62;41;40;61;38;49;42;47;42;45;47;34;42;52;44;65;47;45;37;50;64;43;38;39;42
Montaña Roja y Montaña Pelada;47;65;69;29;27;26;62;73;66;84;26;25;55;44;38;82;75;50;66;102;22;32;19;23;52;194;46;26;24;69;28;29;23;63;26;26;29;20;64;60;18;29;27;45;26;27;28;62;28;50;86;16;26;82;10;26;24;26;67;49;49;48;25;30;30;22;68;49;63;70;53;96;39;0;54;125;79;86;24;69;27;44;84;61;23;44;20;32;25;67;25;65;67;54;24;72;64;85;67;28;9;70;47;26;7;59;25
Paisaje Lunar de Granadilla;77;95;99;58;57;57;92;103;96;114;56;55;85;74;68;112;67;63;96;132;53;62;49;53;82;224;76;56;54;99;58;59;54;93;56;56;59;50;94;90;52;59;57;41;56;57;58;92;58;80;116;47;56;112;47;56;55;57;97;79;79;78;56;60;56;34;98;79;93;100;83;72;69;54;0;155;109;116;54;99;57;74;86;91;53;74;51;62;55;97;55;95;97;84;54;102;94;115;97;58;50;100;77;56;51;89;55
Parque Natural de la Corona Forestal;107;120;124;119;110;110;93;121;91;74;105;107;94;111;121;71;98;138;89;89;110;107;114;105;101;277;101;104;105;124;105;106;104;93;110;109;106;115;95;96;116;103;110;128;104;110;105;93;106;115;76;114;105;71;119;108;108;105;94;105;108;115;107;106;115;124;94;107;92;80;98;66;127;125;157;0;145;88;104;92;111;110;96;88;106;100;115;106;104;90;105;94;94;121;119;80;95;75;98;106;122;89;91;106;120;126;108
Parque Rural de Anaga;41;58;63;82;81;80;56;67;60;78;80;79;109;36;50;75;102;103;59;97;76;86;73;76;45;248;99;79;77;63;82;83;77;56;80;79;82;74;57;53;75;82;81;98;79;80;81;56;81;35;80;70;80;76;71;80;78;80;61;43;43;33;79;84;83;76;61;43;56;116;46;128;56;77;107;144;0;110;77;63;81;33;86;55;76;98;75;86;79;60;79;59;60;39;78;65;58;78;61;81;74;64;101;79;74;41;78
Parque Rural de Teno;75;88;92;80;71;71;61;89;59;43;66;68;54;79;89;39;84;99;57;25;70;68;75;66;69;238;62;65;65;92;66;67;65;61;70;70;67;76;62;64;77;64;71;89;65;71;66;61;67;83;32;75;66;40;79;69;69;66;62;72;76;82;68;67;76;85;62;75;60;18;66;68;95;86;118;88;113;0;65;60;72;78;103;56;67;60;76;66;65;58;66;62;61;89;80;47;63;31;65;67;82;57;51;67;81;93;69
Aqualand Costa Adeje;49;67;71;19;9;9;64;75;68;71;5;4;34;46;40;67;63;39;68;81;9;12;14;5;54;177;25;5;2;71;7;8;1;64;8;8;8;15;66;62;16;8;9;33;5;9;7;64;7;51;71;14;5;68;18;7;8;6;69;51;51;50;5;10;15;24;69;51;65;49;55;75;40;25;57;104;81;65;0;71;12;45;82;63;2;24;15;12;3;68;3;67;69;56;19;76;66;70;69;7;21;72;27;4;20;61;7
Loro Parque;29;42;46;75;74;74;13;43;4;29;73;72;80;33;43;26;64;97;10;48;70;80;67;70;24;241;88;73;71;46;75;76;71;12;73;73;76;68;12;18;69;76;74;91;73;74;75;12;75;37;31;63;73;27;65;73;72;74;10;27;30;37;73;77;77;70;10;30;15;67;20;79;49;71;100;95;67;61;71;0;74;32;59;11;70;86;68;79;72;4;72;10;10;43;72;16;14;29;20;75;68;15;77;73;68;48;72
Parque Las Águilas-Jungle Park;51;68;73;21;11;10;66;77;70;76;10;9;39;48;42;72;57;31;69;86;11;17;16;7;56;178;30;10;8;73;12;13;8;66;10;10;13;17;68;63;18;13;11;28;10;11;12;66;12;53;76;16;10;73;20;10;8;11;71;53;53;52;10;14;9;26;71;53;67;54;56;80;42;27;59;109;83;70;8;73;0;47;76;65;7;29;17;16;9;70;9;69;71;58;21;75;68;74;71;12;23;74;31;10;22;63;9
Parque Marítimo César Manrique;10;27;32;49;47;47;25;36;29;47;46;45;75;0;17;44;71;70;28;66;43;53;40;43;15;214;66;46;44;32;48;50;44;25;47;46;49;41;27;22;42;49;47;64;46;47;48;25;48;6;49;36;46;45;38;46;45;47;30;12;12;4;46;50;50;43;30;12;26;85;15;97;23;44;73;113;38;79;44;32;47;0;55;24;43;65;41;52;45;29;45;28;29;10;45;34;27;48;30;48;41;33;67;46;41;15;45
Parque Etnográfico Pirámides de Güímar;60;76;81;96;94;93;59;84;62;79;94;92;96;64;64;77;37;86;61;99;91;96;88;90;62;261;94;93;91;81;94;95;90;59;93;92;95;88;60;61;90;92;94;63;93;93;94;58;95;69;81;84;94;77;85;93;91;94;62;61;60;68;93;95;83;87;63;60;57;97;64;62;70;91;108;108;98;112;91;64;85;63;0;56;90;93;89;95;93;62;92;61;62;74;92;67;61;80;63;95;88;65;93;93;88;79;91
PuebloChico;20;33;37;66;65;64;7;34;7;25;64;63;76;24;34;22;55;87;6;44;60;70;58;61;14;232;84;63;62;37;66;67;61;6;64;64;66;59;7;9;60;67;65;81;64;65;66;5;65;28;27;54;64;23;55;64;62;64;7;17;21;27;63;68;67;60;8;20;5;63;11;75;40;61;91;91;58;57;61;10;65;23;49;0;60;82;59;70;63;7;63;7;7;34;62;12;9;26;10;66;58;11;73;64;58;38;63
Siam Park;49;66;71;19;8;8;64;75;68;73;6;3;37;46;40;69;62;38;67;83;9;14;14;4;53;176;27;7;4;71;9;11;2;64;7;7;10;15;65;61;16;10;8;32;7;8;9;64;9;51;73;13;6;70;18;6;7;8;69;51;51;50;4;12;15;24;69;51;65;51;54;78;40;24;57;106;81;67;2;71;11;45;81;63;0;26;15;14;5;68;3;67;68;56;19;73;66;72;69;9;21;72;29;4;20;61;6
Abama;60;77;82;30;21;20;75;86;82;65;15;17;20;57;51;62;60;49;80;76;20;17;25;15;65;188;2;15;15;82;16;17;15;75;20;20;16;26;77;72;27;13;21;43;15;21;15;75;17;62;66;25;15;62;29;19;18;16;80;62;62;61;18;16;26;35;80;62;76;44;65;70;51;35;68;99;92;60;15;84;22;56;79;74;17;0;26;12;14;81;16;78;79;67;30;71;77;64;80;17;32;80;12;17;31;72;19
Amarilla Golf;48;65;70;20;20;20;63;74;67;84;19;18;48;45;38;81;66;42;66;94;16;26;6;16;52;188;39;19;17;70;21;23;17;63;20;19;22;3;64;60;12;22;20;37;19;20;21;63;21;50;85;12;19;81;17;20;18;20;68;50;50;49;19;23;23;22;68;49;63;63;53;89;39;21;55;118;80;79;17;69;21;44;85;62;16;38;0;25;18;67;18;66;67;55;4;72;65;83;68;21;19;71;40;19;17;60;18
Barakuda Diving Center;54;71;76;23;15;14;69;80;73;69;9;11;33;51;45;66;62;43;72;79;14;11;19;9;58;182;24;9;9;76;10;11;9;69;14;14;10;20;70;66;21;7;15;37;9;14;9;69;11;56;70;18;9;66;23;13;12;9;74;56;56;55;12;9;19;29;74;55;70;48;59;74;45;29;62;103;86;64;9;76;16;50;81;68;11;22;20;0;8;73;10;72;73;61;23;75;71;68;74;11;26;77;25;11;25;66;12
Blue Bottom Diving;50;67;72;19;9;9;65;76;69;73;5;4;37;47;40;69;63;39;68;82;10;14;15;5;54;177;27;6;4;72;8;10;2;65;9;8;9;16;66;62;17;10;9;34;6;9;8;65;8;52;73;14;5;70;19;7;8;7;70;52;52;51;5;12;16;25;70;51;66;51;55;77;41;25;58;106;82;68;3;72;12;46;82;64;4;26;16;14;0;69;3;68;69;57;19;74;67;72;70;8;22;73;29;3;21;62;8
Centro de Buceo Atlantik;26;39;44;73;71;71;11;40;3;26;70;69;77;30;41;24;61;94;7;46;67;77;64;67;21;239;85;70;68;43;73;74;68;10;71;70;73;65;11;16;66;73;71;88;70;71;72;10;72;35;28;60;70;24;62;71;69;71;9;24;27;34;70;74;74;67;9;26;12;64;17;76;47;68;97;92;64;59;68;4;72;29;56;9;67;83;65;76;69;0;69;9;8;40;69;13;12;27;17;72;65;12;74;70;65;45;69
Diversity-Escuela de Buceo;50;68;72;20;10;10;65;76;69;73;7;5;37;47;41;70;63;39;69;82;10;14;15;6;55;177;28;7;5;72;10;11;1;66;9;9;10;16;67;63;17;11;10;34;8;9;10;65;9;53;74;15;7;70;19;7;9;8;70;52;52;51;5;12;16;25;71;52;66;52;56;78;42;26;58;107;82;68;4;72;13;47;83;64;5;26;16;14;6;70;0;68;70;57;20;75;67;72;70;9;23;73;29;0;21;62;8
Centro de Buceo Ecosub Tenerife;26;39;43;72;71;70;4;40;5;32;70;69;84;30;40;30;62;93;14;52;66;76;64;67;20;238;91;69;68;43;72;73;67;6;70;70;73;65;3;15;66;73;71;89;70;71;72;5;71;34;34;60;70;30;61;70;68;70;4;24;27;34;69;74;73;66;4;26;13;70;17;82;46;68;97;98;64;65;68;9;71;29;57;9;66;90;65;76;69;8;69;0;5;40;68;20;3;33;16;72;64;18;81;70;65;44;69
Centro de Buceo el Cardumen;26;39;43;72;71;70;7;40;1;29;70;69;80;30;40;26;62;93;10;48;66;76;64;67;20;238;88;69;68;43;72;73;67;6;70;70;73;65;6;15;66;73;71;88;70;71;72;5;71;34;31;60;70;27;61;70;68;70;3;24;27;34;69;74;73;66;2;26;12;67;17;79;46;67;97;95;64;61;68;5;71;29;56;8;66;86;65;76;69;4;69;3;0;40;68;16;6;29;16;72;64;15;77;70;65;44;69
Marina de Santa Cruz;22;39;44;62;61;60;37;48;41;58;60;59;89;16;30;56;83;83;40;78;56;66;54;57;26;228;80;59;58;43;62;63;57;37;60;59;62;54;38;34;55;62;61;78;60;60;61;36;61;17;61;50;60;56;51;60;58;60;42;24;24;16;59;64;63;56;42;23;37;96;27;109;36;57;87;125;39;91;57;43;61;13;67;35;56;78;54;66;59;41;59;39;41;0;58;46;39;59;42;61;54;44;81;59;54;6;58
Marina de San Miguel;51;68;73;23;23;23;66;77;70;87;22;21;51;48;41;84;69;45;69;96;19;29;8;19;55;190;42;22;20;72;24;25;20;66;22;22;25;7;67;63;15;25;23;40;22;23;24;65;24;53;88;15;22;84;20;22;21;23;71;53;53;52;22;26;26;25;71;52;66;66;56;92;42;24;58;121;82;82;20;72;23;47;88;64;19;40;4;28;21;70;21;68;70;58;0;75;68;86;71;24;22;73;43;22;20;62;21
Charco de la Laja;31;44;48;77;76;76;18;45;15;15;78;74;67;35;45;13;66;99;13;35;72;80;69;72;26;243;74;77;73;48;78;80;73;18;75;75;79;70;19;20;71;77;76;92;78;76;78;17;79;39;17;65;78;13;67;75;74;78;18;29;32;39;75;79;79;72;19;31;17;53;22;66;51;73;102;81;69;48;73;16;76;34;61;13;72;73;70;79;77;14;74;18;18;45;73;0;19;16;22;79;70;13;64;75;70;50;74
Complejo Costa Martiánez;23;36;40;69;68;67;1;37;5;31;67;66;82;27;37;28;59;91;12;50;64;73;61;64;18;235;90;67;65;40;69;70;64;4;67;67;70;62;2;12;63;70;68;86;67;68;69;4;69;31;33;57;67;29;59;67;66;67;7;21;24;31;67;71;71;64;8;23;10;69;14;81;43;65;94;97;61;63;65;9;68;26;54;8;64;88;62;73;66;8;66;2;7;37;65;18;0;31;13;69;62;17;79;67;62;42;66
El Caletón;44;56;61;83;74;73;30;58;28;11;68;71;57;47;58;8;78;102;26;18;73;71;78;69;38;241;65;68;68;61;69;70;68;30;73;73;69;79;31;33;80;67;74;92;68;74;69;29;70;52;1;78;68;8;79;72;71;69;31;41;44;51;71;69;79;84;31;44;29;39;35;57;64;85;115;76;81;31;68;29;75;47;73;25;70;63;79;69;67;27;69;31;30;57;83;16;32;0;34;70;82;25;54;70;82;62;72
El Bollullo;26;39;44;73;72;71;11;40;15;34;71;69;86;30;41;32;62;94;16;54;67;77;64;67;21;239;93;70;68;43;73;74;68;11;71;70;73;65;13;16;66;73;71;88;70;71;72;11;72;35;36;60;71;32;62;71;69;71;18;24;27;34;70;75;74;67;18;27;13;72;17;84;47;68;98;100;64;67;68;19;72;30;57;11;67;92;65;77;69;17;69;14;17;40;69;22;13;35;0;72;65;20;83;70;65;45;69
El Duque;52;69;74;21;13;12;67;78;71;72;5;10;36;49;42;69;65;40;70;82;12;12;16;7;56;180;27;4;6;73;6;7;7;67;12;11;6;17;68;64;18;10;12;35;4;12;5;66;0;54;73;16;5;69;21;10;10;1;71;54;54;52;10;11;17;26;72;53;67;51;57;77;43;27;59;106;83;67;7;73;14;48;84;65;8;26;17;13;6;71;8;69;71;59;21;78;69;71;72;0;24;74;28;9;23;63;10
El Médano;44;61;66;26;24;23;59;70;63;81;23;22;52;41;35;78;71;46;62;97;19;29;17;20;48;191;43;22;21;66;25;26;20;59;23;22;25;18;61;56;16;25;24;42;22;23;24;59;24;46;83;13;23;79;6;23;21;23;64;46;46;45;22;27;26;18;64;45;60;66;49;92;35;10;51;121;76;83;20;66;24;40;80;58;19;41;18;29;22;63;22;62;63;51;22;68;61;82;64;24;0;67;44;22;7;56;21
El Socorro;30;42;47;76;75;74;16;44;14;24;74;73;76;33;44;22;64;97;12;44;70;80;67;70;24;242;84;73;71;47;76;77;71;16;74;73;76;68;17;19;69;76;75;91;73;74;75;15;75;38;27;64;74;22;65;74;72;74;17;27;30;37;73;78;77;70;17;30;15;62;21;75;50;71;101;91;68;57;71;15;75;33;59;11;70;82;68;80;73;13;73;17;16;43;72;12;18;25;20;75;68;0;73;73;68;48;72
La Arena;71;88;93;41;32;31;77;97;75;58;26;28;10;68;62;55;63;60;73;68;31;28;36;26;75;199;14;26;26;93;27;28;26;77;31;31;27;37;79;80;38;24;32;54;26;32;26;77;28;73;59;36;26;55;40;30;29;27;78;73;73;72;29;27;37;46;79;72;77;37;76;63;62;47;79;92;103;53;26;76;33;67;82;73;28;12;37;23;25;74;27;78;78;78;40;64;79;57;82;28;43;73;0;28;42;83;30
La Pinta;51;69;73;21;11;10;66;77;70;74;8;6;38;48;42;71;64;40;69;83;11;15;16;6;56;178;29;8;6;73;11;12;2;66;10;9;11;17;68;64;18;12;11;35;8;10;10;66;10;53;75;16;8;71;20;8;10;9;71;53;53;52;6;13;17;26;71;52;67;52;56;79;42;27;59;108;83;69;5;73;14;47;83;65;5;27;17;15;7;70;0;69;71;58;21;75;68;73;71;10;23;74;30;0;22;63;9
La Tejita;44;62;66;24;24;23;59;70;63;81;23;22;52;41;35;79;70;46;63;97;19;29;15;20;49;191;43;22;21;66;25;26;20;60;23;23;25;15;61;57;14;26;24;40;23;24;25;59;24;47;83;13;23;79;6;23;21;23;64;46;46;45;22;27;26;18;65;46;60;66;50;93;36;7;51;121;76;83;20;66;24;41;81;58;19;41;15;29;22;64;22;62;64;51;19;69;61;82;64;25;6;67;44;23;0;56;22
Las Teresitas;26;43;48;67;66;65;41;52;45;62;65;63;93;21;35;60;87;88;44;82;61;71;58;61;30;233;84;64;62;47;67;68;62;41;65;64;67;59;42;38;60;67;65;82;64;65;66;40;66;20;64;54;65;60;56;65;63;65;46;28;28;18;64;69;68;61;46;27;41;100;31;113;41;62;92;128;42;95;62;47;66;18;71;39;61;83;59;71;63;45;63;43;45;12;63;50;43;63;46;66;59;48;85;64;59;0;63
Las Vistas;42;47;76;75;74;16;44;14;24;74;73;76;33;44;22;64;97;12;44;70;80;67;70;24;242;84;73;71;47;76;77;71;16;74;73;76;68;17;19;69;76;75;91;73;74;75;15;75;30;38;27;64;74;22;65;74;72;74;17;27;30;37;73;78;77;70;17;30;15;62;21;23;62;75;50;71;101;91;68;57;71;15;75;33;59;11;70;82;68;80;73;13;73;17;16;43;72;12;18;25;33;73;20;75;75;68;0